{
  "depth": 5,
  "computer": "white",
  "board": [
    [
      {
        "id": 0,
        "position": {
          "x": 1,
          "y": 1
        },
        "type": "Rook",
        "color": "white",
        "gameId": 0,
        "firstMove": false,
        "src": "models/Rook.xml"
      },
      {
        "id": 1,
        "position": {
          "x": 2,
          "y": 1
        },
        "type": "Knight",
        "color": "white",
        "gameId": 0,
        "firstMove": false,
        "src": "models/Knight.xml"
      },
      {
        "id": 2,
        "position": {
          "x": 3,
          "y": 1
        },
        "type": "Bishop",
        "color": "white",
        "gameId": 0,
        "firstMove": false,
        "src": "models/Bishop.xml"
      },
      {
        "id": 3,
        "position": {
          "x": 4,
          "y": 1
        },
        "type": "King",
        "color": "white",
        "gameId": 0,
        "firstMove": false,
        "src": "models/King.xml",
        "kingSideCastlePossible": false,
        "queenSideCastlePossible": false
      },
      {
        "id": 4,
        "position": {
          "x": 5,
          "y": 1
        },
        "type": "Queen",
        "color": "white",
        "gameId": 0,
        "firstMove": false,
        "src": "models/Queen.xml"
      },
      {
        "id": 5,
        "position": {
          "x": 6,
          "y": 1
        },
        "type": "Bishop",
        "color": "white",
        "gameId": 0,
        "firstMove": false,
        "src": "models/Bishop.xml"
      },
      {
        "id": 6,
        "position": {
          "x": 7,
          "y": 1
        },
        "type": "Knight",
        "color": "white",
        "gameId": 0,
        "firstMove": false,
        "src": "models/Knight.xml"
      },
      {
        "id": 7,
        "position": {
          "x": 8,
          "y": 1
        },
        "type": "Rook",
        "color": "white",
        "gameId": 0,
        "firstMove": false,
        "src": "models/Rook.xml"
      }
    ],
    [
      {
        "id": 8,
        "position": {
          "x": 1,
          "y": 2
        },
        "type": "Pawn",
        "color": "white",
        "gameId": 0,
        "firstMove": false,
        "src": "models/Pawn.xml",
        "enPassant": false
      },
      {
        "id": 9,
        "position": {
          "x": 2,
          "y": 2
        },
        "type": "Pawn",
        "color": "white",
        "gameId": 0,
        "firstMove": false,
        "src": "models/Pawn.xml",
        "enPassant": false
      },
      {
        "id": 10,
        "position": {
          "x": 3,
          "y": 2
        },
        "type": "Pawn",
        "color": "white",
        "gameId": 0,
        "firstMove": false,
        "src": "models/Pawn.xml",
        "enPassant": false
      },
      {
        "id": 11,
        "position": {
          "x": 4,
          "y": 2
        },
        "type": "Pawn",
        "color": "white",
        "gameId": 0,
        "firstMove": false,
        "src": "models/Pawn.xml",
        "enPassant": false
      },
      {
        "id": 12,
        "position": {
          "x": 5,
          "y": 2
        },
        "type": "Pawn",
        "color": "white",
        "gameId": 0,
        "firstMove": false,
        "src": "models/Pawn.xml",
        "enPassant": false
      },
      {
        "id": 13,
        "position": {
          "x": 6,
          "y": 2
        },
        "type": "Pawn",
        "color": "white",
        "gameId": 0,
        "firstMove": false,
        "src": "models/Pawn.xml",
        "enPassant": false
      },
      {
        "id": 14,
        "position": {
          "x": 7,
          "y": 2
        },
        "type": "Pawn",
        "color": "white",
        "gameId": 0,
        "firstMove": false,
        "src": "models/Pawn.xml",
        "enPassant": false
      },
      {
        "id": 15,
        "position": {
          "x": 8,
          "y": 2
        },
        "type": "Pawn",
        "color": "white",
        "gameId": 0,
        "firstMove": false,
        "src": "models/Pawn.xml",
        "enPassant": false
      }
    ],
    [
      "",
      "",
      "",
      "",
      "",
      "",
      "",
      ""
    ],
    [
      "",
      "",
      "",
      "",
      "",
      "",
      "",
      ""
    ],
    [
      "",
      "",
      "",
      "",
      "",
      "",
      "",
      ""
    ],
    [
      "",
      "",
      "",
      "",
      "",
      "",
      "",
      ""
    ],
    [
      {
        "id": 16,
        "position": {
          "x": 1,
          "y": 7
        },
        "type": "Pawn",
        "color": "black",
        "gameId": 0,
        "firstMove": false,
        "src": "models/Pawn.xml",
        "enPassant": false
      },
      {
        "id": 17,
        "position": {
          "x": 2,
          "y": 7
        },
        "type": "Pawn",
        "color": "black",
        "gameId": 0,
        "firstMove": false,
        "src": "models/Pawn.xml",
        "enPassant": false
      },
      {
        "id": 18,
        "position": {
          "x": 3,
          "y": 7
        },
        "type": "Pawn",
        "color": "black",
        "gameId": 0,
        "firstMove": false,
        "src": "models/Pawn.xml",
        "enPassant": false
      },
      {
        "id": 19,
        "position": {
          "x": 4,
          "y": 7
        },
        "type": "Pawn",
        "color": "black",
        "gameId": 0,
        "firstMove": false,
        "src": "models/Pawn.xml",
        "enPassant": false
      },
      {
        "id": 20,
        "position": {
          "x": 5,
          "y": 7
        },
        "type": "Pawn",
        "color": "black",
        "gameId": 0,
        "firstMove": false,
        "src": "models/Pawn.xml",
        "enPassant": false
      },
      {
        "id": 21,
        "position": {
          "x": 6,
          "y": 7
        },
        "type": "Pawn",
        "color": "black",
        "gameId": 0,
        "firstMove": false,
        "src": "models/Pawn.xml",
        "enPassant": false
      },
      {
        "id": 22,
        "position": {
          "x": 7,
          "y": 7
        },
        "type": "Pawn",
        "color": "black",
        "gameId": 0,
        "firstMove": false,
        "src": "models/Pawn.xml",
        "enPassant": false
      },
      {
        "id": 23,
        "position": {
          "x": 8,
          "y": 7
        },
        "type": "Pawn",
        "color": "black",
        "gameId": 0,
        "firstMove": false,
        "src": "models/Pawn.xml",
        "enPassant": false
      }
    ],
    [
      {
        "id": 24,
        "position": {
          "x": 1,
          "y": 8
        },
        "type": "Rook",
        "color": "black",
        "gameId": 0,
        "firstMove": false,
        "src": "models/Rook.xml"
      },
      {
        "id": 25,
        "position": {
          "x": 2,
          "y": 8
        },
        "type": "Knight",
        "color": "black",
        "gameId": 0,
        "firstMove": false,
        "src": "models/Knight.xml"
      },
      {
        "id": 26,
        "position": {
          "x": 3,
          "y": 8
        },
        "type": "Bishop",
        "color": "black",
        "gameId": 0,
        "firstMove": false,
        "src": "models/Bishop.xml"
      },
      {
        "id": 27,
        "position": {
          "x": 4,
          "y": 8
        },
        "type": "King",
        "color": "black",
        "gameId": 0,
        "firstMove": false,
        "src": "models/King.xml",
        "kingSideCastlePossible": false,
        "queenSideCastlePossible": false
      },
      {
        "id": 28,
        "position": {
          "x": 5,
          "y": 8
        },
        "type": "Queen",
        "color": "black",
        "gameId": 0,
        "firstMove": false,
        "src": "models/Queen.xml"
      },
      {
        "id": 29,
        "position": {
          "x": 6,
          "y": 8
        },
        "type": "Bishop",
        "color": "black",
        "gameId": 0,
        "firstMove": false,
        "src": "models/Bishop.xml"
      },
      {
        "id": 30,
        "position": {
          "x": 7,
          "y": 8
        },
        "type": "Knight",
        "color": "black",
        "gameId": 0,
        "firstMove": false,
        "src": "models/Knight.xml"
      },
      {
        "id": 31,
        "position": {
          "x": 8,
          "y": 8
        },
        "type": "Rook",
        "color": "black",
        "gameId": 0,
        "firstMove": false,
        "src": "models/Rook.xml"
      }
    ]
  ]
}